{"cameraMode":{"drawMode":0,"name":"Shaded","section":"Shading Mode"},"sceneLighting":true,"audioPlay":false,"sceneViewState":{"m_AlwaysRefresh":false,"showFog":true,"showSkybox":true,"showFlares":true,"showImageEffects":true,"showParticleSystems":true,"showVisualEffectGraphs":true,"m_FxEnabled":true},"in2DMode":false,"pivot":{"x":0.3013216257095337,"y":31.035343170166017,"z":88.26806640625},"rotation":{"x":0.47301623225212099,"y":-0.055964648723602298,"z":0.03012447990477085,"w":0.8787599802017212},"size":1.4410874843597413,"orthographic":false}